,f1,precision,recall,accuracy,training_time,inference_time
NB,0.9031007751937984,0.8503649635036497,0.962809917355372,0.9561018437225636,0.0910227298736572,0.0168259143829345
LR,0.9555555555555556,0.9416058394160584,0.9699248120300752,0.9789288849868304,0.0416181087493896,0.0005970001220703
KNN,0.8960573476702509,0.9124087591240876,0.8802816901408451,0.9490781387181738,0.0007750988006591,0.1269519329071045
SVM,0.9546279491833032,0.95985401459854,0.9494584837545126,0.9780509218612818,0.2601380348205566,0.0478050708770751
XGBoost,0.8873949579831932,0.9635036496350365,0.822429906542056,0.9411764705882353,1.0896308422088623,0.0013401508331298828
